Workbook

Sheet Intro
B2: Week 66 - Satu Function
B3: Disini kamu akan mempelajari satu function satu hari
B5: TEXT FUNCTION merupakan function yang umum digunakan dalam melakukan handling data bertipe data text yang mempermudah kamu dalam mengelola data text itu sendiri. Umumnya, kamu cukup identifikasi data textnya dan kemudian handling dengan function ini.
B9: How.
B10: 1. LEFT(text, [num_chars]) - Mengambil karakter dari sebelah kiri teks
B11: 2. RIGHT(text, [num_chars]) - Mengambil karakter dari sebelah kanan teks
B12: 3. MID(text, start_num, num_chars) - Mengambil karakter dari tengah berdasarkan posisi
B13: 4. LEN(text) - Menghitung jumlah karakter dalam teks (termasuk spasi)
B14: 5. TRIM(text) - Menghapus spasi berlebih
B16: Example.
B17: Perhatikan tabel dibawah ini, dan kembalikan sales yang dicari
B18: Name | C18: New Name
B19: Nani Satria | C19: =TRIM(B19) -> Nani Satria
B20: Satrio Waluyo | C20: =TRIM(B20) -> Satrio Waluyo
B21: Joko | C21: =TRIM(B21) -> Joko
C22: =_xlfn.FORMULATEXT(C21) -> =TRIM(B21)
B24: Task.
B25: 1. Membuat singkatan nama
B26: 2. Menentukan kode cabang karyawan
B27: 3. Validasi dan pengecekan jenis transaksi

Sheet Task 1
B2: =Intro!B2 -> Week 66 - Satu Function
B3: =Intro!B3 -> Disini kamu akan mempelajari satu function satu hari
B5: Gunakan apa yang kamu pelajari sebelumnya, dan lakukan pembuatan singkatan nama ya!
B8: Source Data
B9: No | C9: Nama Lengkap | D9: ID Karyawan | E9: Kode Transaksi
B10: 1 | C10: Andi Wijaya | D10: EMP-JKT-014 | E10: INV-2025-001
B11: 2 | C11: Budi Santoso | D11: EMP-SBY-021 | E11: TRX-SBY-4587
B12: 3 | C12: Clara | D12: EMP-BDG-009 | E12: SO-2024-8899
B13: 4 | C13: Dimas Prakoso | D13: EMP-JKT-032 | E13: INV-2025-015
B15: Singkatan Nama
B16: No | C16: Trimmed | D16: Nama Pendek
B17: 1 | C17: =TRIM(C10) -> Andi Wijaya | D17: =LEFT(C17,1)&"."&IF(ISERROR(FIND(" ",C17)),"",MID(C17,FIND(" ",C17)+1,1)) -> A.W
B18: 2 | C18: =TRIM(C11) -> Budi Santoso | D18: =LEFT(C18,1)&"."&IF(ISERROR(FIND(" ",C18)),"",MID(C18,FIND(" ",C18)+1,1)) -> B.S
B19: 3 | C19: =TRIM(C12) -> Clara | D19: =LEFT(C19,1)&"."&IF(ISERROR(FIND(" ",C19)),"",MID(C19,FIND(" ",C19)+1,1)) -> C.
B20: 4 | C20: =TRIM(C13) -> Dimas Prakoso | D20: =LEFT(C20,1)&"."&IF(ISERROR(FIND(" ",C20)),"",MID(C20,FIND(" ",C20)+1,1)) -> D.P

Sheet Task 2
B2: =Intro!B2 -> Week 66 - Satu Function
B3: =Intro!B3 -> Disini kamu akan mempelajari satu function satu hari
B5: Gunakan apa yang kamu pelajari sebelumnya, dan lakukan pengambilan kode cabang karyawan!
B8: Source Data
B9: No | C9: Nama Lengkap | D9: ID Karyawan | E9: Kode Transaksi
B10: 1 | C10: Andi Wijaya | D10: EMP-JKT-014 | E10: INV-2025-001
B11: 2 | C11: Budi Santoso | D11: EMP-SBY-021 | E11: TRX-SBY-4587
B12: 3 | C12: Clara | D12: EMP-BDG-009 | E12: SO-2024-8899
B13: 4 | C13: Dimas Prakoso | D13: EMP-JKT-032 | E13: INV-2025-015
B15: Kode Cabang
B16: No | C16: Trimmed | D16: Kode Cabang Karyawan | E16: Cara Kedua
B17: 1 | C17: =TRIM(D10) -> EMP-JKT-014 | D17: =MID(C17,5,3) -> JKT | E17: =MID(C17,FIND("-",C17)+1,3) -> JKT
B18: 2 | C18: =TRIM(D11) -> EMP-SBY-021 | D18: =MID(C18,5,3) -> SBY | E18: =MID(C18,FIND("-",C18)+1,3) -> SBY
B19: 3 | C19: =TRIM(D12) -> EMP-BDG-009 | D19: =MID(C19,5,3) -> BDG | E19: =MID(C19,FIND("-",C19)+1,3) -> BDG
B20: 4 | C20: =TRIM(D13) -> EMP-JKT-032 | D20: =MID(C20,5,3) -> JKT | E20: =MID(C20,FIND("-",C20)+1,3) -> JKT
D21: =_xlfn.FORMULATEXT(D20) -> =MID(C20;5;3) | E21: =_xlfn.FORMULATEXT(E20) -> =MID(C20;FIND("-";C20)+1;3)

Sheet Task 3
B2: =Intro!B2 -> Week 66 - Satu Function
B3: =Intro!B3 -> Disini kamu akan mempelajari satu function satu hari
B5: Gunakan apa yang kamu pelajari sebelumnya, dan lakukan pengambilan kode transaksi!
B8: Source Data
B9: No | C9: Nama Lengkap | D9: ID Karyawan | E9: Kode Transaksi
B10: 1 | C10: Andi Wijaya | D10: EMP-JKT-014 | E10: INV-2025-001
B11: 2 | C11: Budi Santoso | D11: EMP-SBY-021 | E11: TRX-SBY-4587
B12: 3 | C12: Clara | D12: EMP-BDG-009 | E12: SO-2024-8899
B13: 4 | C13: Dimas Prakoso | D13: EMP-JKT-032 | E13: INV-2025-015
B15: ID Transaksi
B16: No | C16: ID TRX | D16: Validate
B17: 1 | C17: =(RIGHT(E10,3)) -> 001 | D17: =ISNUMBER(VALUE(C17)) -> TRUE
B18: 2 | C18: =(RIGHT(E11,3)) -> 587 | D18: =ISNUMBER(VALUE(C18)) -> TRUE
B19: 3 | C19: =(RIGHT(E12,3)) -> 899 | D19: =ISNUMBER(VALUE(C19)) -> TRUE
B20: 4 | C20: =(RIGHT(E13,3)) -> 015 | D20: =ISNUMBER(VALUE(C20)) -> TRUE
